{
    "visitor": [],
    "mainGUIx": 58.66666793823242,
    "mainGUIy": 53.333343505859375,
    "string": " Next Visitor: 13m 23s",
    "debugString": "",
    "inGarden": false,
    "guiCordX": 486,
    "guiCordY": 291
}