{
    "visitor": [],
    "mainGUIx": 58.66666793823242,
    "mainGUIy": 53.333343505859375,
    "string": " Next Visitor: 2m 17s",
    "debugString": "",
    "inGarden": true,
    "guiCordX": 486,
    "guiCordY": 291
}